"with_Year_or_CO2","what","site","sp","parameter","Value","Std.Error","DF","t.value","p.value"
"","log_core_measurement","ScottyCreek","PIMA","(Intercept)",-5.65105902714774,0.111462691680848,15254,-50.6991078533117,0
"","log_core_measurement","ScottyCreek","PIMA","pre",0.0123465252472159,0.000733713652574524,15254,16.8274437907667,5.6766861814557e-63
"","log_core_measurement","ScottyCreek","PIMA","I(pre^2)",-8.68716928289781e-05,6.89013597475322e-06,15254,-12.6081245925034,2.88867113165177e-36
"","log_core_measurement","ScottyCreek","PIMA","tmn",0.938268427251385,0.0271180160883506,15254,34.5994494654219,1.32884204835795e-252
"","log_core_measurement","ScottyCreek","PIMA","I(tmn^2)",-0.0599239292183447,0.0016832697530189,15254,-35.5997184116643,1.00929996757547e-266
"","log_core_measurement_dbh","ScottyCreek","PIMA","(Intercept)",-3.96457169107487,0.159143515051074,15066,-24.9119273870665,2.83641882949238e-134
"","log_core_measurement_dbh","ScottyCreek","PIMA","dbh",-0.333948683965145,0.0317757426228729,15066,-10.5095477367305,9.58373015609453e-26
"","log_core_measurement_dbh","ScottyCreek","PIMA","I(dbh^2)",0.0104978803686526,0.00228247673299049,15066,4.59933729747086,4.27287545101031e-06
"","log_core_measurement_dbh","ScottyCreek","PIMA","pre",0.0124234396228998,0.000746608310472495,15066,16.6398357058704,1.27165396287646e-61
"","log_core_measurement_dbh","ScottyCreek","PIMA","I(pre^2)",-8.7434242523214e-05,7.01295029959032e-06,15066,-12.4675405910579,1.67992306903277e-35
"","log_core_measurement_dbh","ScottyCreek","PIMA","tmn",0.926945336693701,0.0276392210610253,15066,33.537317663442,6.94879136705004e-238
"","log_core_measurement_dbh","ScottyCreek","PIMA","I(tmn^2)",-0.0592733407133572,0.0017147035886323,15066,-34.5676891949794,4.79687585804685e-252
"","log_agb_inc_dbh","ScottyCreek","PIMA","(Intercept)",-11.7627005642838,0.162351441092373,15066,-72.4520859509413,0
"","log_agb_inc_dbh","ScottyCreek","PIMA","dbh",0.0418428935666521,0.00927798547925324,15066,4.50991151691476,6.53442904908714e-06
"","log_agb_inc_dbh","ScottyCreek","PIMA","pre",0.0213562734164828,0.00112780706926755,15066,18.9361052953432,4.75212916141792e-79
"","log_agb_inc_dbh","ScottyCreek","PIMA","I(pre^2)",-0.000398298157730638,2.30668819975728e-05,15066,-17.2670999822408,3.60392579428655e-66
"","log_agb_inc_dbh","ScottyCreek","PIMA","tmn",0.51875434205348,0.040096433532214,15066,12.9376679259193,4.40080008308802e-38
"","log_agb_inc_dbh","ScottyCreek","PIMA","I(tmn^2)",-0.0340378244169683,0.00253135166978658,15066,-13.4465016549194,5.56190536152771e-41
"","log_BAI_dbh","ScottyCreek","PIMA","(Intercept)",-3.09386081637293,0.162752477894382,15066,-19.009608064958,1.21265876846257e-79
"","log_BAI_dbh","ScottyCreek","PIMA","dbh",-0.0233630800048878,0.00931829124393352,15066,-2.50722792337037,0.012178660035252
"","log_BAI_dbh","ScottyCreek","PIMA","pre",0.0213564215470576,0.0011297872254892,15066,18.9030474634816,8.76893328694965e-79
"","log_BAI_dbh","ScottyCreek","PIMA","I(pre^2)",-0.000398300907386501,2.31082937492781e-05,15066,-17.2362750667796,6.08145724200853e-66
"","log_BAI_dbh","ScottyCreek","PIMA","tmn",0.520535223915367,0.0401637822210409,15066,12.9603138730961,3.28728683802902e-38
"","log_BAI_dbh","ScottyCreek","PIMA","I(tmn^2)",-0.0341442703499218,0.00253564109808868,15066,-13.4657347112961,4.30085956743317e-41
"","log_core_measurement","NewMexico","PIPO","(Intercept)",-39.1505866319615,4.69824533301972,840,-8.33302304517974,3.1957239635717e-16
"","log_core_measurement","NewMexico","PIPO","pre",0.281132808555566,0.0179319221211215,840,15.6777843812085,8.79168419655973e-49
"","log_core_measurement","NewMexico","PIPO","I(pre^2)",-0.00246543377801992,0.000193849889674641,840,-12.7182624770018,5.13562465524572e-34
"","log_core_measurement","NewMexico","PIPO","tmx",3.44276008643948,0.524431959004021,840,6.56474119727148,9.11880071651732e-11
"","log_core_measurement","NewMexico","PIPO","I(tmx^2)",-0.0964194577745711,0.0147568062291614,840,-6.53389739468378,1.10985396399284e-10
"","log_core_measurement","NewMexico","PIST3","(Intercept)",-4.33885290101681,0.314524817441037,536,-13.7949460914327,2.90219204266483e-37
"","log_core_measurement","NewMexico","PIST3","pre",0.130275475629542,0.01394373398609,536,9.34294040315898,2.50204164826527e-19
"","log_core_measurement","NewMexico","PIST3","I(pre^2)",-0.00101762421134955,0.000153489165184567,536,-6.62994166478061,8.20856834683504e-11
"","log_core_measurement_dbh","NewMexico","PIPO","(Intercept)",-25.3438481792466,4.79014169652583,838,-5.2908347570653,1.55545382457138e-07
"","log_core_measurement_dbh","NewMexico","PIPO","dbh",-0.4924932178563,0.0837680148618836,838,-5.87925139050175,5.94801275144124e-09
"","log_core_measurement_dbh","NewMexico","PIPO","I(dbh^2)",0.00408438888628197,0.00117371217037581,838,3.47988969474022,0.000527512328900711
"","log_core_measurement_dbh","NewMexico","PIPO","pre",0.291843004974526,0.0182706044238619,838,15.9733634533388,2.4386580005953e-50
"","log_core_measurement_dbh","NewMexico","PIPO","I(pre^2)",-0.00253517509243929,0.000195610204826362,838,-12.9603416891757,3.82257718397988e-35
"","log_core_measurement_dbh","NewMexico","PIPO","tmx",3.12237972537861,0.504761695835642,838,6.18584918613812,9.64894666022004e-10
"","log_core_measurement_dbh","NewMexico","PIPO","I(tmx^2)",-0.086592839478913,0.0141992157755285,838,-6.09842408537452,1.63404472995866e-09
"","log_core_measurement_dbh","NewMexico","PIST3","(Intercept)",-0.381105515030568,1.48059738407021,534,-0.257399830048933,0.796969288912613
"","log_core_measurement_dbh","NewMexico","PIST3","dbh",-0.275059214546804,0.107894141160118,534,-2.54934338036583,0.0110710284588785
"","log_core_measurement_dbh","NewMexico","PIST3","I(dbh^2)",0.00466505421094228,0.00198105420180541,534,2.35483421235565,0.0188919295401116
"","log_core_measurement_dbh","NewMexico","PIST3","pre",0.130425423185824,0.0140108177228979,534,9.30890871363416,3.33415497263248e-19
"","log_core_measurement_dbh","NewMexico","PIST3","I(pre^2)",-0.00101605033249627,0.000154200670015475,534,-6.58914343494293,1.06235474705832e-10
"","log_agb_inc_dbh","NewMexico","PIPO","(Intercept)",-29.5145240909151,5.20227539397038,838,-5.67338748062501,1.92797406555477e-08
"","log_agb_inc_dbh","NewMexico","PIPO","dbh",-0.420229726516897,0.0886320413664615,838,-4.74128452913996,2.4949774630096e-06
"","log_agb_inc_dbh","NewMexico","PIPO","I(dbh^2)",0.00341408285623848,0.00124139090013511,838,2.75020773542555,0.00608409697194335
"","log_agb_inc_dbh","NewMexico","PIPO","pre",0.330628215900426,0.0200529328008873,838,16.4877735931872,4.15079227037895e-53
"","log_agb_inc_dbh","NewMexico","PIPO","I(pre^2)",-0.00291112940886388,0.000214496508892298,838,-13.5719197664219,4.51063573555625e-38
"","log_agb_inc_dbh","NewMexico","PIPO","tmx",2.63907631630552,0.549983866659341,838,4.79846133003054,1.89262935011463e-06
"","log_agb_inc_dbh","NewMexico","PIPO","I(tmx^2)",-0.0720006549415559,0.0154679581784098,838,-4.65482606760951,3.76819145477938e-06
"","log_agb_inc_dbh","NewMexico","PIST3","(Intercept)",-8.95969605781231,1.32637999480344,534,-6.75499939151304,3.74227143084654e-11
"","log_agb_inc_dbh","NewMexico","PIST3","dbh",-0.124717001004453,0.0962733395433572,534,-1.29544691807731,0.195725822702244
"","log_agb_inc_dbh","NewMexico","PIST3","I(dbh^2)",0.00291523482442493,0.00176809110200407,534,1.64880351533957,0.0997760354628953
"","log_agb_inc_dbh","NewMexico","PIST3","pre",0.128647663222629,0.0135844426284241,534,9.47022021746015,8.95691702911723e-20
"","log_agb_inc_dbh","NewMexico","PIST3","I(pre^2)",-0.000991776027435654,0.000149429033697349,534,-6.63710393419515,7.87354531221486e-11
"","log_BAI_dbh","NewMexico","PIPO","(Intercept)",-21.0911552426133,5.13910509007321,838,-4.10405214000261,4.45661998368597e-05
"","log_BAI_dbh","NewMexico","PIPO","dbh",-0.452649344348701,0.0880606398989027,838,-5.14020048989379,3.4173441589216e-07
"","log_BAI_dbh","NewMexico","PIPO","I(dbh^2)",0.00372312888059578,0.00123346153020078,838,3.01843939955691,0.00261776368372006
"","log_BAI_dbh","NewMexico","PIPO","pre",0.327341073597098,0.0197623075914917,838,16.5639094565064,1.60145162788204e-53
"","log_BAI_dbh","NewMexico","PIPO","I(pre^2)",-0.0028791446558286,0.000211430060369003,838,-13.6174801766774,2.70814914970166e-38
"","log_BAI_dbh","NewMexico","PIPO","tmx",2.66949725087923,0.542890737184633,838,4.91719063899106,1.05649532806252e-06
"","log_BAI_dbh","NewMexico","PIPO","I(tmx^2)",-0.0729090032035941,0.0152692321353258,838,-4.77489650805144,2.12165652072852e-06
"","log_BAI_dbh","NewMexico","PIST3","(Intercept)",-0.326071342543403,1.32694613482647,534,-0.245730654760938,0.80598515588765
"","log_BAI_dbh","NewMexico","PIST3","dbh",-0.158919356470504,0.096312308476695,534,-1.65004202457631,0.0995223692911904
"","log_BAI_dbh","NewMexico","PIST3","I(dbh^2)",0.00324783482662886,0.00176881149279242,534,1.83616786744274,0.0668885934249539
"","log_BAI_dbh","NewMexico","PIST3","pre",0.128694576018736,0.0135955126309186,534,9.46595979956371,9.27517608850065e-20
"","log_BAI_dbh","NewMexico","PIST3","I(pre^2)",-0.000991916923040882,0.000149550322363207,534,-6.63266322242924,8.09558700066517e-11
"","log_core_measurement","SCBI","CACO","(Intercept)",-25.2759424359961,8.18065996898023,410,-3.08971923192486,0.00213995367074487
"","log_core_measurement","SCBI","CACO","tmp",2.84721400047615,0.918084304807835,410,3.10125550079206,0.00206015940138314
"","log_core_measurement","SCBI","CACO","I(tmp^2)",-0.0811712722615827,0.025735912671131,410,-3.15400791488681,0.00172901705297896
"","log_core_measurement","SCBI","LITU","(Intercept)",-22.9670903137604,3.94939583097499,3397,-5.81534272498851,6.61094660334248e-09
"","log_core_measurement","SCBI","LITU","pre",0.0039489858660501,0.000612117719581234,3397,6.4513503525951,1.2656117589218e-10
"","log_core_measurement","SCBI","LITU","I(pre^2)",-1.67657647425113e-05,2.67196816125205e-06,3397,-6.27468732062102,3.94573309925908e-10
"","log_core_measurement","SCBI","LITU","tmp",2.57870183691702,0.449115902081651,3397,5.74172908366135,1.01951491321124e-08
"","log_core_measurement","SCBI","LITU","I(tmp^2)",-0.073202523844639,0.0127056710004711,3397,-5.76140558353231,9.08500873015936e-09
"","log_core_measurement","SCBI","FRAM","(Intercept)",-17.1224737335106,2.96949019763085,1875,-5.76613243147643,9.46492022646276e-09
"","log_core_measurement","SCBI","FRAM","tmp",1.9826604406451,0.334173893217339,1875,5.93302014575872,3.53358800887241e-09
"","log_core_measurement","SCBI","FRAM","I(tmp^2)",-0.0569302362105322,0.00939492811595684,1875,-6.05967768011326,1.64449723768183e-09
"","log_core_measurement","SCBI","CATO","(Intercept)",-12.6620310477757,8.91609614116386,302,-1.42013173111914,0.156600836746661
"","log_core_measurement","SCBI","CATO","tmp",1.43855998543072,1.00188627033345,302,1.43585158118989,0.152079544890104
"","log_core_measurement","SCBI","CATO","I(tmp^2)",-0.0420816556286104,0.0281211495860472,302,-1.4964415128139,0.135582958116825
"","log_core_measurement","SCBI","JUNI","(Intercept)",-39.2438726278547,6.97495892530564,1069,-5.62639480004322,2.34922455484533e-08
"","log_core_measurement","SCBI","JUNI","pre",0.00335258841151705,0.00106422787132239,1069,3.15025428468735,0.00167657641241045
"","log_core_measurement","SCBI","JUNI","I(pre^2)",-1.29703466927129e-05,4.69577191569668e-06,1069,-2.76213302638414,0.00584094399346605
"","log_core_measurement","SCBI","JUNI","tmp",4.46948333835458,0.792952761634205,1069,5.63650642838215,2.21917927832064e-08
"","log_core_measurement","SCBI","JUNI","I(tmp^2)",-0.127752005634472,0.0224290188357562,1069,-5.6958356747559,1.5859323602025e-08
"","log_core_measurement","SCBI","QURU","(Intercept)",-23.6983654444099,2.39865777155636,2518,-9.8798443552176,1.30483866162026e-22
"","log_core_measurement","SCBI","QURU","pre",0.00230190675063763,0.000372178054000579,2518,6.18496100426721,7.22638321264746e-10
"","log_core_measurement","SCBI","QURU","I(pre^2)",-9.19016351834083e-06,1.64746349597277e-06,2518,-5.57837156380473,2.68695328986257e-08
"","log_core_measurement","SCBI","QURU","tmp",2.77834987812229,0.272581726415028,2518,10.1927224347094,6.18754090509575e-24
"","log_core_measurement","SCBI","QURU","I(tmp^2)",-0.0796465534839973,0.0077086288343857,2518,-10.3321297723818,1.54732247450746e-24
"","log_core_measurement","SCBI","QUVE","(Intercept)",-25.1674049782717,2.40813707384145,2882,-10.4509852249086,4.05348262762067e-25
"","log_core_measurement","SCBI","QUVE","pre",0.00197786040950382,0.000365088635609073,2882,5.41748007632223,6.54277364638348e-08
"","log_core_measurement","SCBI","QUVE","I(pre^2)",-7.60188587224799e-06,1.60647871217859e-06,2882,-4.73201780678366,2.330141872894e-06
"","log_core_measurement","SCBI","QUVE","tmp",2.92362646259807,0.273776201935795,2882,10.678891890259,3.91074950792468e-26
"","log_core_measurement","SCBI","QUVE","I(tmp^2)",-0.0836878399071974,0.00774484591940663,2882,-10.805617152111,1.04464569390893e-26
"","log_core_measurement","SCBI","CAGL","(Intercept)",-30.6516631367219,5.2100830275233,1264,-5.8831429316574,5.14841166049761e-09
"","log_core_measurement","SCBI","CAGL","pre",0.000398276539017156,0.000240380874428443,1264,1.6568561869331,0.0977967271406762
"","log_core_measurement","SCBI","CAGL","tmp",3.43137305977912,0.591319446256724,1264,5.80290920838307,8.23036630389335e-09
"","log_core_measurement","SCBI","CAGL","I(tmp^2)",-0.0972305548633041,0.0167249731117587,1264,-5.81349543665006,7.73891413911113e-09
"","log_core_measurement","SCBI","QUMO","(Intercept)",-33.4141852731793,3.07634967938461,2400,-10.8616343249586,7.32131338063393e-27
"","log_core_measurement","SCBI","QUMO","pre",0.000441386703153481,0.000140637866104225,2400,3.13846274392683,0.00171899081262521
"","log_core_measurement","SCBI","QUMO","tmp",3.8042566164014,0.348815433065447,2400,10.9062164565626,4.5930652590136e-27
"","log_core_measurement","SCBI","QUMO","I(tmp^2)",-0.108251493830919,0.00985874302076608,2400,-10.980253121813,2.10964064033519e-27
"","log_core_measurement","SCBI","FAGR","(Intercept)",-12.5109513899976,3.03129315013868,2795,-4.12726541787131,3.7783908419393e-05
"","log_core_measurement","SCBI","FAGR","tmp",1.4797957110224,0.341782315972884,2795,4.32964387525479,1.54604290056953e-05
"","log_core_measurement","SCBI","FAGR","I(tmp^2)",-0.0424835278714912,0.00962809443206748,2795,-4.41245442400263,1.06074447877426e-05
"","log_core_measurement","SCBI","CAOVL","(Intercept)",-45.0769600302968,5.60545603518296,859,-8.04162226005677,2.92967704277828e-15
"","log_core_measurement","SCBI","CAOVL","pre",-0.000411511800244177,0.000255951651619372,859,-1.60777161483662,0.108252673547644
"","log_core_measurement","SCBI","CAOVL","tmp",5.11585670232347,0.635761448890371,859,8.04681804984001,2.81635072518257e-15
"","log_core_measurement","SCBI","CAOVL","I(tmp^2)",-0.145565498725042,0.0179700578949776,859,-8.10044684195065,1.87201782778157e-15
"","log_core_measurement","SCBI","QUAL","(Intercept)",-31.2193129310482,3.32408612809582,2371,-9.39184838418492,1.33692903863407e-20
"","log_core_measurement","SCBI","QUAL","pre",0.00164689497036823,0.000503498622734427,2371,3.27090263211484,0.00108740760716644
"","log_core_measurement","SCBI","QUAL","I(pre^2)",-6.40844361348318e-06,2.21705117005812e-06,2371,-2.89052580293633,0.00388094758593842
"","log_core_measurement","SCBI","QUAL","tmp",3.56993705549772,0.377896039311929,2371,9.44687608263331,8.06734606182034e-21
"","log_core_measurement","SCBI","QUAL","I(tmp^2)",-0.101937765555626,0.010689681434317,2371,-9.53609012410564,3.53668637567346e-21
"","log_core_measurement","SCBI","FRNI","(Intercept)",-50.6420147685802,9.97585398423952,231,-5.0764591030089,7.91144568589086e-07
"","log_core_measurement","SCBI","FRNI","tmp",5.74394561068214,1.12232435480224,231,5.11790159957304,6.49898983067529e-07
"","log_core_measurement","SCBI","FRNI","I(tmp^2)",-0.16340610722594,0.0315373973480002,231,-5.1813440856527,4.79858149208564e-07
"","log_core_measurement","SCBI","PIST","(Intercept)",-0.94311970936893,0.27334505894708,1311,-3.45028994854273,0.000577772378743108
"","log_core_measurement","SCBI","PIST","pre",0.000791229294171965,0.000204297957926767,1311,3.87291827192707,0.000112843984741382
"","log_core_measurement","SCBI","PIST","tmp",0.0519529893983726,0.0134046877694223,1311,3.87573289971615,0.000111562067662791
"","log_core_measurement_dbh","SCBI","CACO","(Intercept)",-25.4243686128002,8.13806794043408,409,-3.12412833105987,0.00191030979943448
"","log_core_measurement_dbh","SCBI","CACO","dbh",0.0304708290063997,0.0108411903572772,409,2.81065344323061,0.00518170590833432
"","log_core_measurement_dbh","SCBI","CACO","tmp",2.80600471379612,0.913589149617203,409,3.07140766171735,0.0022728231026017
"","log_core_measurement_dbh","SCBI","CACO","I(tmp^2)",-0.0800646178168825,0.0256088886081839,409,-3.12643859879558,0.00189571563888563
"","log_core_measurement_dbh","SCBI","LITU","(Intercept)",-23.5844100421628,3.95610693353052,3370,-5.96151985738049,2.75696871659513e-09
"","log_core_measurement_dbh","SCBI","LITU","dbh",0.0488574085016365,0.0107787990945693,3370,4.53273208573415,6.02498496180246e-06
"","log_core_measurement_dbh","SCBI","LITU","I(dbh^2)",-0.00036068928162832,0.000139934108456226,3370,-2.57756515268148,0.00999202895673969
"","log_core_measurement_dbh","SCBI","LITU","pre",0.00383856272240263,0.000611957754407688,3370,6.27259430043167,4.00231961178014e-10
"","log_core_measurement_dbh","SCBI","LITU","I(pre^2)",-1.61566884977146e-05,2.67647372112873e-06,3370,-6.03655786723022,1.74537650365186e-09
"","log_core_measurement_dbh","SCBI","LITU","tmp",2.54833765602608,0.44996344229693,3370,5.66343266247935,1.60814818685355e-08
"","log_core_measurement_dbh","SCBI","LITU","I(tmp^2)",-0.0723809538494264,0.0127289725498898,3370,-5.68631549527956,1.40871731632481e-08
"","log_core_measurement_dbh","SCBI","FRAM","(Intercept)",-16.4994569315457,2.98339068979262,1802,-5.53043789671833,3.66202246890278e-08
"","log_core_measurement_dbh","SCBI","FRAM","dbh",0.0149880750660538,0.00294418593328047,1802,5.09073659262877,3.93921840190877e-07
"","log_core_measurement_dbh","SCBI","FRAM","tmp",1.85993031423749,0.335781733265453,1802,5.53910510899387,3.48823269065281e-08
"","log_core_measurement_dbh","SCBI","FRAM","I(tmp^2)",-0.0534680403220108,0.0094395183796034,1802,-5.66427630858188,1.71515138657984e-08
"","log_core_measurement_dbh","SCBI","CATO","(Intercept)",-12.6620310477757,8.91609614116386,302,-1.42013173111914,0.156600836746661
"","log_core_measurement_dbh","SCBI","CATO","tmp",1.43855998543072,1.00188627033345,302,1.43585158118989,0.152079544890104
"","log_core_measurement_dbh","SCBI","CATO","I(tmp^2)",-0.0420816556286104,0.0281211495860472,302,-1.4964415128139,0.135582958116825
"","log_core_measurement_dbh","SCBI","JUNI","(Intercept)",-38.5330963660316,7.04648585816254,1031,-5.46841321215389,5.69702035125106e-08
"","log_core_measurement_dbh","SCBI","JUNI","pre",0.00311501973061247,0.00107557884586268,1031,2.89613331704571,0.00385770880989829
"","log_core_measurement_dbh","SCBI","JUNI","I(pre^2)",-1.22216048324221e-05,4.74859144836212e-06,1031,-2.57373264584333,0.0101995318113304
"","log_core_measurement_dbh","SCBI","JUNI","tmp",4.39262828878947,0.80108278284786,1031,5.48336374572129,5.2482450327761e-08
"","log_core_measurement_dbh","SCBI","JUNI","I(tmp^2)",-0.125677094956726,0.022658958813406,1031,-5.54646380672929,3.70399196542069e-08
"","log_core_measurement_dbh","SCBI","QURU","(Intercept)",-24.1587486324274,2.39548539782859,2516,-10.0851162166659,1.78417916586757e-23
"","log_core_measurement_dbh","SCBI","QURU","dbh",0.0349598379677029,0.00791430694055402,2516,4.41729619918628,1.04170844455007e-05
"","log_core_measurement_dbh","SCBI","QURU","I(dbh^2)",-0.000313227622217135,8.81494053579815e-05,2516,-3.55337192514338,0.000387324007425853
"","log_core_measurement_dbh","SCBI","QURU","pre",0.00225635284474332,0.000371335041795166,2516,6.07632620351505,1.41636442190094e-09
"","log_core_measurement_dbh","SCBI","QURU","I(pre^2)",-8.9046740953863e-06,1.64471893641739e-06,2516,-5.41410079145979,6.74274900215323e-08
"","log_core_measurement_dbh","SCBI","QURU","tmp",2.74319178058778,0.272086137188359,2516,10.0820711004792,1.83814343609862e-23
"","log_core_measurement_dbh","SCBI","QURU","I(tmp^2)",-0.0786733325539016,0.00769438144364839,2516,-10.2247767582208,4.5094902686419e-24
"","log_core_measurement_dbh","SCBI","QUVE","(Intercept)",-26.052328287071,2.40752581901305,2880,-10.8212041097657,8.87928996896333e-27
"","log_core_measurement_dbh","SCBI","QUVE","dbh",0.0503898830703917,0.00953980590296871,2880,5.28206585992601,1.37256463597771e-07
"","log_core_measurement_dbh","SCBI","QUVE","I(dbh^2)",-0.000443676463477,0.000104291189235583,2880,-4.25420849765918,2.16478855001588e-05
"","log_core_measurement_dbh","SCBI","QUVE","pre",0.00193354791618176,0.00036406758696137,2880,5.31095869401556,1.1735775066138e-07
"","log_core_measurement_dbh","SCBI","QUVE","I(pre^2)",-7.32824843924744e-06,1.60367137208433e-06,2880,-4.56966967597778,5.09049855375711e-06
"","log_core_measurement_dbh","SCBI","QUVE","tmp",2.88663515502131,0.273206434464209,2880,10.5657656295041,1.25649659925927e-25
"","log_core_measurement_dbh","SCBI","QUVE","I(tmp^2)",-0.0826648131542289,0.00772847954638557,2880,-10.6961288644271,3.27320314705431e-26
"","log_core_measurement_dbh","SCBI","CAGL","(Intercept)",-29.4246898036083,5.33095215012428,1211,-5.5195936813881,4.15311916457767e-08
"","log_core_measurement_dbh","SCBI","CAGL","dbh",-0.0337411619844632,0.0251861174763621,1211,-1.33967301693602,0.180603014196592
"","log_core_measurement_dbh","SCBI","CAGL","I(dbh^2)",0.000896920842972257,0.000468605733508664,1211,1.9140202068306,0.0558530689007044
"","log_core_measurement_dbh","SCBI","CAGL","pre",0.000408270958808166,0.000245383923153823,1211,1.66380483921204,0.0964101585485533
"","log_core_measurement_dbh","SCBI","CAGL","tmp",3.32392133281836,0.604996554407387,1211,5.49411613769312,4.78259263995283e-08
"","log_core_measurement_dbh","SCBI","CAGL","I(tmp^2)",-0.0943060314257211,0.0171103837358271,1211,-5.51162574035411,4.34079608586628e-08
"","log_core_measurement_dbh","SCBI","QUMO","(Intercept)",-34.3260453385845,3.06851700910656,2398,-11.1865260113318,2.35868727518163e-28
"","log_core_measurement_dbh","SCBI","QUMO","dbh",0.0481313787803677,0.0106758527943203,2398,4.50843409961352,6.84489459224563e-06
"","log_core_measurement_dbh","SCBI","QUMO","I(dbh^2)",-0.000382183512845102,0.000152139962464849,2398,-2.51205210421557,0.012068324542679
"","log_core_measurement_dbh","SCBI","QUMO","pre",0.000440135720718761,0.000140333278812592,2398,3.13636027350675,0.0017313293107244
"","log_core_measurement_dbh","SCBI","QUMO","tmp",3.79248731807048,0.347746979644874,2398,10.9058814024594,4.61462050461411e-27
"","log_core_measurement_dbh","SCBI","QUMO","I(tmp^2)",-0.107959925172857,0.00982841673003034,2398,-10.9844676043283,2.02039402938915e-27
"","log_core_measurement_dbh","SCBI","FAGR","(Intercept)",-11.8538845916357,3.02019650341973,2793,-3.92487196717622,8.88708057883537e-05
"","log_core_measurement_dbh","SCBI","FAGR","dbh",0.0710667760436478,0.00942298404497683,2793,7.54185465076022,6.22763096983456e-14
"","log_core_measurement_dbh","SCBI","FAGR","I(dbh^2)",-0.00140194675371511,0.000295865582287391,2793,-4.7384584001843,2.26125027702495e-06
"","log_core_measurement_dbh","SCBI","FAGR","tmp",1.34541124401981,0.34075368977644,2793,3.94833947330842,8.06387283395964e-05
"","log_core_measurement_dbh","SCBI","FAGR","I(tmp^2)",-0.0388466497101284,0.00959868067537368,2793,-4.04708220055628,5.32677744651593e-05
"","log_core_measurement_dbh","SCBI","CAOVL","(Intercept)",-44.9437345132883,5.57009047527909,834,-8.06876202689263,2.46731313230796e-15
"","log_core_measurement_dbh","SCBI","CAOVL","dbh",0.0182569658703994,0.00906762387172924,834,2.0134233762519,0.044390919316208
"","log_core_measurement_dbh","SCBI","CAOVL","pre",-0.000412328711026334,0.000253942325894974,834,-1.62371006713102,0.104815573465788
"","log_core_measurement_dbh","SCBI","CAOVL","tmp",5.03377113048554,0.632399121891826,834,7.95980094884855,5.6190399763797e-15
"","log_core_measurement_dbh","SCBI","CAOVL","I(tmp^2)",-0.142963058435815,0.0178739794335163,834,-7.99839000417212,4.20275682724826e-15
"","log_core_measurement_dbh","SCBI","QUAL","(Intercept)",-31.9409570450126,3.32317936389603,2369,-9.61156577704721,1.75208174022119e-21
"","log_core_measurement_dbh","SCBI","QUAL","dbh",0.0534380843751057,0.0134644617582178,2369,3.96882440120495,7.43765700210034e-05
"","log_core_measurement_dbh","SCBI","QUAL","I(dbh^2)",-0.000494527017931461,0.000170464153371974,2369,-2.90106164932132,0.00375330043484033
"","log_core_measurement_dbh","SCBI","QUAL","pre",0.00160742989254143,0.000502264510725345,2369,3.20036526216049,0.00139068738596122
"","log_core_measurement_dbh","SCBI","QUAL","I(pre^2)",-6.14667303012485e-06,2.21272310519919e-06,2369,-2.77787718476033,0.00551463586625534
"","log_core_measurement_dbh","SCBI","QUAL","tmp",3.51941080752976,0.3772069278084,2369,9.33018602807162,2.348771109932e-20
"","log_core_measurement_dbh","SCBI","QUAL","I(tmp^2)",-0.100536447935972,0.0106698626894148,2369,-9.42246876669837,1.01035699491995e-20
"","log_core_measurement_dbh","SCBI","FRNI","(Intercept)",-50.577719047643,9.94242021714546,230,-5.08706310365186,7.54623871258468e-07
"","log_core_measurement_dbh","SCBI","FRNI","dbh",0.0249115488092801,0.0151838338491231,230,1.64066263216643,0.102234273210457
"","log_core_measurement_dbh","SCBI","FRNI","tmp",5.69630748105455,1.11878915615465,230,5.09149328961419,7.38949261951813e-07
"","log_core_measurement_dbh","SCBI","FRNI","I(tmp^2)",-0.162083467422608,0.0314376175415169,230,-5.15571726160732,5.44265537586941e-07
"","log_core_measurement_dbh","SCBI","PIST","(Intercept)",-1.51206901104439,0.325798683978448,1310,-4.64111454527671,3.8129934255718e-06
"","log_core_measurement_dbh","SCBI","PIST","dbh",0.0258627941584226,0.00891545870335568,1310,2.9008932707734,0.00378315864867161
"","log_core_measurement_dbh","SCBI","PIST","pre",0.000798543351641709,0.00020293786229681,1310,3.9349155579149,8.75933203332743e-05
"","log_core_measurement_dbh","SCBI","PIST","tmp",0.0512213229261421,0.0133075411400139,1310,3.84904486765978,0.000124294840873557
"","log_agb_inc_dbh","SCBI","CACO","(Intercept)",-35.8830268867145,8.35341052163596,408,-4.29561396435322,2.18001982537538e-05
"","log_agb_inc_dbh","SCBI","CACO","dbh",0.261047564240216,0.0534396591450446,408,4.88490324258408,1.4888971794315e-06
"","log_agb_inc_dbh","SCBI","CACO","I(dbh^2)",-0.00400771824776214,0.00143144627082241,408,-2.79976854839238,0.00535681964728228
"","log_agb_inc_dbh","SCBI","CACO","tmp",2.98057888546644,0.936695214834676,408,3.18201570613607,0.00157443653914111
"","log_agb_inc_dbh","SCBI","CACO","I(tmp^2)",-0.085083211420073,0.026256761099909,408,-3.24043057315122,0.00129133292003967
"","log_agb_inc_dbh","SCBI","LITU","(Intercept)",-32.1126597662461,3.92728407883392,3368,-8.17681102808863,4.08356361450278e-16
"","log_agb_inc_dbh","SCBI","LITU","dbh",0.161348111749892,0.0107354729071172,3368,15.0294368162323,1.82761505226575e-49
"","log_agb_inc_dbh","SCBI","LITU","I(dbh^2)",-0.00120523782477581,0.000140864408796467,3368,-8.55601379421002,1.74789998886267e-17
"","log_agb_inc_dbh","SCBI","LITU","pre",0.00379935115251929,0.000607828207796792,3368,6.25069897017593,4.59866133026423e-10
"","log_agb_inc_dbh","SCBI","LITU","I(pre^2)",-1.60523020302851e-05,2.66098965261108e-06,3368,-6.03245563714759,1.78990176407831e-09
"","log_agb_inc_dbh","SCBI","LITU","tmp",2.57602072885639,0.446663011030269,3368,5.76725778773254,8.78459539895399e-09
"","log_agb_inc_dbh","SCBI","LITU","I(tmp^2)",-0.07313435583667,0.0126355844378262,3368,-5.78796779812837,7.77690376193503e-09
"","log_agb_inc_dbh","SCBI","FRAM","(Intercept)",-24.7593185251068,2.95920806254656,1800,-8.36687316396403,1.17075386482605e-16
"","log_agb_inc_dbh","SCBI","FRAM","dbh",0.132832479599061,0.0101503277878959,1800,13.086521181854,1.89940386028382e-37
"","log_agb_inc_dbh","SCBI","FRAM","I(dbh^2)",-0.000910056287828183,0.000129225467822554,1800,-7.04239112585632,2.67876559681148e-12
"","log_agb_inc_dbh","SCBI","FRAM","tmp",1.85942057119529,0.332788744758367,1800,5.58739020018657,2.65758839099569e-08
"","log_agb_inc_dbh","SCBI","FRAM","I(tmp^2)",-0.0534202431998946,0.00935520799460637,1800,-5.71021437799068,1.3172122480647e-08
"","log_agb_inc_dbh","SCBI","CATO","(Intercept)",-20.462010366129,8.85087051811734,301,-2.31186416344519,0.0214600676726336
"","log_agb_inc_dbh","SCBI","CATO","dbh",0.0837618377907774,0.0209156124912167,301,4.00475184869448,7.82737233798307e-05
"","log_agb_inc_dbh","SCBI","CATO","tmp",1.43953552935692,0.994790050579767,301,1.44707471543162,0.148916620618613
"","log_agb_inc_dbh","SCBI","CATO","I(tmp^2)",-0.0420789173232424,0.0279205454363441,301,-1.50709510382517,0.132835057310594
"","log_agb_inc_dbh","SCBI","JUNI","(Intercept)",-45.5811857354585,7.00058731616414,1030,-6.51105166993817,1.16404167034985e-10
"","log_agb_inc_dbh","SCBI","JUNI","dbh",0.0461992006978106,0.00800798433547681,1030,5.76914224134279,1.05308351334255e-08
"","log_agb_inc_dbh","SCBI","JUNI","pre",0.00313606189299919,0.00106851513083588,1030,2.93497190867658,0.00340982395039825
"","log_agb_inc_dbh","SCBI","JUNI","I(pre^2)",-1.24220260294283e-05,4.71945417632354e-06,1030,-2.63208955216618,0.00861306213505087
"","log_agb_inc_dbh","SCBI","JUNI","tmp",4.38943066334469,0.796477409526733,1030,5.51105481567003,4.50695527807561e-08
"","log_agb_inc_dbh","SCBI","JUNI","I(tmp^2)",-0.125591450240132,0.0225277801389838,1030,-5.57495898243428,3.16172070292493e-08
"","log_agb_inc_dbh","SCBI","QURU","(Intercept)",-31.5815735024068,2.37558954384238,2515,-13.2942046256549,5.02672024285161e-39
"","log_agb_inc_dbh","SCBI","QURU","dbh",0.11525940569721,0.008099020640435,2515,14.2312769425192,2.92271477790697e-44
"","log_agb_inc_dbh","SCBI","QURU","I(dbh^2)",-0.000842800206101572,9.04213429838781e-05,2515,-9.32081053310434,2.44495108884416e-20
"","log_agb_inc_dbh","SCBI","QURU","pre",0.0022435851940409,0.000368093052688639,2515,6.09515767182569,1.26150735333385e-09
"","log_agb_inc_dbh","SCBI","QURU","I(pre^2)",-8.89130056646493e-06,1.63135065686328e-06,2515,-5.45026940042486,5.51855242076723e-08
"","log_agb_inc_dbh","SCBI","QURU","tmp",2.73975915290576,0.269781724560476,2515,10.1554660804743,8.94672341494649e-24
"","log_agb_inc_dbh","SCBI","QURU","I(tmp^2)",-0.0785584818149073,0.00762919319889913,2515,-10.2970890586757,2.19852689543326e-24
"","log_agb_inc_dbh","SCBI","QUVE","(Intercept)",-33.117703348967,2.39415044388737,2880,-13.8327578509202,3.50491886330353e-42
"","log_agb_inc_dbh","SCBI","QUVE","dbh",0.11803197985846,0.00957488482264818,2880,12.3272480081713,4.59796151629561e-34
"","log_agb_inc_dbh","SCBI","QUVE","I(dbh^2)",-0.000854066046152614,0.00010476462014927,2880,-8.1522373195811,5.27092538941677e-16
"","log_agb_inc_dbh","SCBI","QUVE","pre",0.00192875289536704,0.000361991758021157,2880,5.32816798346639,1.06864784232397e-07
"","log_agb_inc_dbh","SCBI","QUVE","I(pre^2)",-7.32520325621061e-06,1.59494260515392e-06,2880,-4.59276918964973,4.56174769696336e-06
"","log_agb_inc_dbh","SCBI","QUVE","tmp",2.87521099806064,0.271669168681891,2880,10.5835012931753,1.04728728296549e-25
"","log_agb_inc_dbh","SCBI","QUVE","I(tmp^2)",-0.0823328960373808,0.00768498364424983,2880,-10.7134770675778,2.73364242369975e-26
"","log_agb_inc_dbh","SCBI","CAGL","(Intercept)",-37.493450191273,5.29448678659279,1212,-7.08160237290941,2.40878342164991e-12
"","log_agb_inc_dbh","SCBI","CAGL","dbh",0.0755751519368371,0.00646270702373666,1212,11.6940396120789,5.22396348156534e-30
"","log_agb_inc_dbh","SCBI","CAGL","pre",0.000390815630027993,0.000243891377330739,1212,1.60241675743219,0.109324049930211
"","log_agb_inc_dbh","SCBI","CAGL","tmp",3.33582931047769,0.601219328308684,1212,5.54843990106216,3.53674341417227e-08
"","log_agb_inc_dbh","SCBI","CAGL","I(tmp^2)",-0.0946359727472997,0.0170036048535789,1212,-5.56564173081104,3.2128082216088e-08
"","log_agb_inc_dbh","SCBI","QUMO","(Intercept)",-42.0624706541414,3.05566092763046,2397,-13.765424780543,1.50046607324566e-41
"","log_agb_inc_dbh","SCBI","QUMO","dbh",0.143193009941676,0.0108881050728316,2397,13.15132513728,3.40023060748073e-38
"","log_agb_inc_dbh","SCBI","QUMO","I(dbh^2)",-0.00112455354072644,0.000155127212790073,2397,-7.24923448633253,5.62748658067259e-13
"","log_agb_inc_dbh","SCBI","QUMO","pre",0.000429125292447846,0.000139712124059366,2397,3.07149644554471,0.00215380711889078
"","log_agb_inc_dbh","SCBI","QUMO","tmp",3.79931735032415,0.346240127683203,2397,10.9730705558207,2.27960506979453e-27
"","log_agb_inc_dbh","SCBI","QUMO","I(tmp^2)",-0.108136028952208,0.00978563264990139,2397,-11.0504893062073,1.00597200050238e-27
"","log_agb_inc_dbh","SCBI","FAGR","(Intercept)",-20.9396423512489,2.93393470307334,2782,-7.13705125383819,1.21140188039589e-12
"","log_agb_inc_dbh","SCBI","FAGR","dbh",0.326971286573217,0.0111538300746998,2782,29.3147093315403,7.53584093891562e-165
"","log_agb_inc_dbh","SCBI","FAGR","I(dbh^2)",-0.00540552420113209,0.000334299741727811,2782,-16.169693022178,2.80347542754595e-56
"","log_agb_inc_dbh","SCBI","FAGR","tmp",1.30084610202281,0.331010900828062,2782,3.92991922250472,8.70441445234522e-05
"","log_agb_inc_dbh","SCBI","FAGR","I(tmp^2)",-0.0375629515548424,0.00932361575621295,2782,-4.02879661035062,5.75647236608971e-05
"","log_agb_inc_dbh","SCBI","CAOVL","(Intercept)",-51.8209609978031,5.54536816729191,834,-9.34490901856747,8.19703371533452e-20
"","log_agb_inc_dbh","SCBI","CAOVL","dbh",0.0684993050530069,0.00891085408042868,834,7.6871761600782,4.22914791230041e-14
"","log_agb_inc_dbh","SCBI","CAOVL","pre",-0.000416387831979988,0.000252791606856895,834,-1.6471584525973,0.0999021786012427
"","log_agb_inc_dbh","SCBI","CAOVL","tmp",5.00809057657753,0.629587552904824,834,7.95455779497377,5.84467366663556e-15
"","log_agb_inc_dbh","SCBI","CAOVL","I(tmp^2)",-0.142236544790793,0.0177945192476625,834,-7.99327831289836,4.36788114667974e-15
"","log_agb_inc_dbh","SCBI","QUAL","(Intercept)",-39.2681170215518,3.31118897134348,2369,-11.8592195617332,1.47803274373473e-31
"","log_agb_inc_dbh","SCBI","QUAL","dbh",0.135277324663054,0.0134157959371999,2369,10.083436368315,1.92890758421493e-23
"","log_agb_inc_dbh","SCBI","QUAL","I(dbh^2)",-0.00107296086279556,0.000169991588810091,2369,-6.31184678198541,3.28092436123772e-10
"","log_agb_inc_dbh","SCBI","QUAL","pre",0.00160096129913305,0.000500431336421873,2369,3.19916276742391,0.00139647596421049
"","log_agb_inc_dbh","SCBI","QUAL","I(pre^2)",-6.13623959447098e-06,2.20487265253217e-06,2369,-2.78303583085575,0.00542799814451626
"","log_agb_inc_dbh","SCBI","QUAL","tmp",3.50624298856963,0.375843302604981,2369,9.3290021779496,2.37421133015919e-20
"","log_agb_inc_dbh","SCBI","QUAL","I(tmp^2)",-0.100159021620536,0.0106312862632334,2369,-9.4211574348176,1.02259528152067e-20
"","log_agb_inc_dbh","SCBI","FRNI","(Intercept)",-58.6313243026383,9.76976537419972,229,-6.00130321015422,7.5907057297281e-09
"","log_agb_inc_dbh","SCBI","FRNI","dbh",0.25833038516974,0.0752948948891062,229,3.43091501157159,0.00071351913519932
"","log_agb_inc_dbh","SCBI","FRNI","I(dbh^2)",-0.0041763151273337,0.00238228148727441,229,-1.7530737444935,0.0809274261012237
"","log_agb_inc_dbh","SCBI","FRNI","tmp",5.58654628191685,1.09844604680387,229,5.08586315929845,7.61181597292089e-07
"","log_agb_inc_dbh","SCBI","FRNI","I(tmp^2)",-0.158964392308967,0.0308639716766805,229,-5.15048400038139,5.59792589230482e-07
"","log_agb_inc_dbh","SCBI","PIST","(Intercept)",-9.19789869426069,0.323794640316357,1309,-28.4065810517248,1.11703609627752e-138
"","log_agb_inc_dbh","SCBI","PIST","dbh",0.0864390955687766,0.00888535229535695,1309,9.72826880639786,1.21001567027321e-21
"","log_agb_inc_dbh","SCBI","PIST","pre",0.000778310514379748,0.000201436933212938,1309,3.86379251294994,0.00011710509804308
"","log_agb_inc_dbh","SCBI","PIST","tmp",0.0513047582928764,0.0132113137346837,1309,3.88339565036487,0.000108149390937139
"","log_BAI_dbh","SCBI","CACO","(Intercept)",-27.0354868990161,8.29790176340593,408,-3.25811122737602,0.00121543179655799
"","log_BAI_dbh","SCBI","CACO","dbh",0.217334158932366,0.0534714306978624,408,4.06449118895661,5.77625580446691e-05
"","log_BAI_dbh","SCBI","CACO","I(dbh^2)",-0.0033585687074381,0.0014323543422017,408,-2.3447890012157,0.0195164350163504
"","log_BAI_dbh","SCBI","CACO","tmp",2.93940475438325,0.930457067519911,408,3.15909767037193,0.0017004011434528
"","log_BAI_dbh","SCBI","CACO","I(tmp^2)",-0.0838982729966365,0.0260818296455501,408,-3.21673265015558,0.00139996114636003
"","log_BAI_dbh","SCBI","LITU","(Intercept)",-23.4260014408671,3.93585358370749,3368,-5.95194941647202,2.92154908655012e-09
"","log_BAI_dbh","SCBI","LITU","dbh",0.13095958668783,0.0106852764815517,3368,12.256078437833,8.1027205652447e-34
"","log_BAI_dbh","SCBI","LITU","I(dbh^2)",-0.000977335693633724,0.000139728963545164,3368,-6.99451043532448,3.19675460620111e-12
"","log_BAI_dbh","SCBI","LITU","pre",0.00380323464837449,0.000609213635588375,3368,6.24285870538887,4.83250074696799e-10
"","log_BAI_dbh","SCBI","LITU","I(pre^2)",-1.60428591180467e-05,2.66627676120083e-06,3368,-6.01695193518519,1.96794644176834e-09
"","log_BAI_dbh","SCBI","LITU","tmp",2.56730182338317,0.447645640065034,3368,5.73512080450553,1.06043678558516e-08
"","log_BAI_dbh","SCBI","LITU","I(tmp^2)",-0.0728981019715478,0.012663401955059,3368,-5.75659702110498,9.35172870624729e-09
"","log_BAI_dbh","SCBI","FRAM","(Intercept)",-16.341795638996,2.96565690357025,1800,-5.51034599427961,4.09844030689788e-08
"","log_BAI_dbh","SCBI","FRAM","dbh",0.106116651514359,0.00982593363434723,1800,10.7996507470213,2.18152543984596e-26
"","log_BAI_dbh","SCBI","FRAM","I(dbh^2)",-0.0007159994888422,0.000125143392353499,1800,-5.72143263321231,1.23456210492397e-08
"","log_BAI_dbh","SCBI","FRAM","tmp",1.8605338479789,0.333538845470578,1800,5.57816240370427,2.7999222369142e-08
"","log_BAI_dbh","SCBI","FRAM","I(tmp^2)",-0.0534600857213541,0.00937633925869336,1800,-5.70159464652349,1.38434895110809e-08
"","log_BAI_dbh","SCBI","CATO","(Intercept)",-12.1632299739359,8.86637704708088,301,-1.37183766372089,0.171135586397083
"","log_BAI_dbh","SCBI","CATO","dbh",0.0643816832970997,0.021090580419159,301,3.05262738234621,0.00247091542988083
"","log_BAI_dbh","SCBI","CATO","tmp",1.43831531007281,0.996547135452963,301,1.44329882541788,0.149976209931531
"","log_BAI_dbh","SCBI","CATO","I(tmp^2)",-0.0420519918076678,0.0279700452839529,301,-1.50346527439461,0.133767566177229
"","log_BAI_dbh","SCBI","JUNI","(Intercept)",-37.350187712126,7.01326564236008,1030,-5.32564850909555,1.23497342002439e-07
"","log_BAI_dbh","SCBI","JUNI","dbh",0.0336573696026786,0.00801005843016033,1030,4.20188815052188,2.87646038679249e-05
"","log_BAI_dbh","SCBI","JUNI","pre",0.00312884347852684,0.00107053679467078,1030,2.92268653828852,0.00354611212474111
"","log_BAI_dbh","SCBI","JUNI","I(pre^2)",-1.2356193797405e-05,4.72787353673532e-06,1030,-2.61347806818395,0.00909325750001517
"","log_BAI_dbh","SCBI","JUNI","tmp",4.38813178621127,0.797926462057849,1030,5.49941879969025,4.80560232036484e-08
"","log_BAI_dbh","SCBI","JUNI","I(tmp^2)",-0.125554320190408,0.0225687634516922,1030,-5.56319004624042,3.37594716712623e-08
"","log_BAI_dbh","SCBI","QURU","(Intercept)",-23.5610071577167,2.37885921999433,2515,-9.90433017628211,1.03220254584425e-22
"","log_BAI_dbh","SCBI","QURU","dbh",0.101630500694335,0.00804381159918417,2515,12.634619724888,1.59472872527052e-35
"","log_BAI_dbh","SCBI","QURU","I(dbh^2)",-0.000753589885386235,8.97530186619832e-05,2515,-8.39626228310284,7.58943677625095e-17
"","log_BAI_dbh","SCBI","QURU","pre",0.00224457865062064,0.000368633197210919,2515,6.08892163701787,1.31088816418334e-09
"","log_BAI_dbh","SCBI","QURU","I(pre^2)",-8.88745089697213e-06,1.63348678422194e-06,2515,-5.44078530834604,5.81697035803809e-08
"","log_BAI_dbh","SCBI","QURU","tmp",2.74070502267442,0.27016174935207,2515,10.1446819516362,9.94868731651695e-24
"","log_BAI_dbh","SCBI","QURU","I(tmp^2)",-0.078587328485387,0.00763994044362785,2515,-10.2863797257652,2.44618742669802e-24
"","log_BAI_dbh","SCBI","QUVE","(Intercept)",-25.1489965866824,2.39646778077298,2880,-10.4941934911266,2.61291863636769e-25
"","log_BAI_dbh","SCBI","QUVE","dbh",0.106506075180103,0.00956067424567389,2880,11.1400171623142,3.00067693446636e-28
"","log_BAI_dbh","SCBI","QUVE","I(dbh^2)",-0.000784056605339422,0.000104596384178488,2880,-7.49602016835945,8.70545022641736e-14
"","log_BAI_dbh","SCBI","QUVE","pre",0.00192944488717667,0.000362354114722381,2880,5.32474948892171,1.08874069819677e-07
"","log_BAI_dbh","SCBI","QUVE","I(pre^2)",-7.32469500848952e-06,1.59645174334534e-06,2880,-4.58810924853936,4.66398531311342e-06
"","log_BAI_dbh","SCBI","QUVE","tmp",2.87692993859285,0.271936777636463,2880,10.5794073298863,1.09228083654536e-25
"","log_BAI_dbh","SCBI","QUVE","I(tmp^2)",-0.0823830462944831,0.00769255606568289,2880,-10.7094502257839,2.85043331258498e-26
"","log_BAI_dbh","SCBI","CAGL","(Intercept)",-29.206833777512,5.30203142137125,1212,-5.50861197460772,4.41319323369361e-08
"","log_BAI_dbh","SCBI","CAGL","dbh",0.0602727350920155,0.00658763809684619,1212,9.14936950177498,2.35823635089701e-19
"","log_BAI_dbh","SCBI","CAGL","pre",0.000397646847881354,0.00024419661188399,1212,1.6283880632638,0.103702515604879
"","log_BAI_dbh","SCBI","CAGL","tmp",3.32936038847343,0.602086385827147,1212,5.52970548221174,3.92561616219169e-08
"","log_BAI_dbh","SCBI","CAGL","I(tmp^2)",-0.0944559576995635,0.0170281126367619,1212,-5.54705971909318,3.56406680998483e-08
"","log_BAI_dbh","SCBI","QUMO","(Intercept)",-33.9955627937747,3.05819373988114,2397,-11.1162227397326,5.00261049043392e-28
"","log_BAI_dbh","SCBI","QUMO","dbh",0.127389137666822,0.0108257804731439,2397,11.7672012639498,4.06446002933598e-31
"","log_BAI_dbh","SCBI","QUMO","I(dbh^2)",-0.00100144210842811,0.000154271100939775,2397,-6.49144332494946,1.02980923990484e-10
"","log_BAI_dbh","SCBI","QUMO","pre",0.000431004224479141,0.000139821243686587,2397,3.08253748225305,0.0020757954404806
"","log_BAI_dbh","SCBI","QUMO","tmp",3.7985644996606,0.346530916755006,2397,10.961690042641,2.56978988335035e-27
"","log_BAI_dbh","SCBI","QUMO","I(tmp^2)",-0.108117153864623,0.00979384601181866,2397,-11.039294852518,1.13264607349955e-27
"","log_BAI_dbh","SCBI","FAGR","(Intercept)",-12.0512494708307,2.96370211564717,2782,-4.06628230523065,4.90947717436766e-05
"","log_BAI_dbh","SCBI","FAGR","dbh",0.243801355388332,0.0103973975054041,2782,23.4483057189662,4.172220381613e-111
"","log_BAI_dbh","SCBI","FAGR","I(dbh^2)",-0.00410415964199419,0.00031654467875776,2782,-12.9654987665579,2.27151631929328e-37
"","log_BAI_dbh","SCBI","FAGR","tmp",1.32006841430931,0.334379926322377,2782,3.94780999214834,8.08239995547598e-05
"","log_BAI_dbh","SCBI","FAGR","I(tmp^2)",-0.0381173628653376,0.00941888322831955,2782,-4.04690895314755,5.33125907240928e-05
"","log_BAI_dbh","SCBI","CAOVL","(Intercept)",-43.732200459397,5.55139456758731,834,-7.87769630260734,1.03832799538208e-14
"","log_BAI_dbh","SCBI","CAOVL","dbh",0.0565377147509783,0.00893165877908137,834,6.33003523190944,3.99934755035871e-10
"","log_BAI_dbh","SCBI","CAOVL","pre",-0.000415073492006521,0.000253068114258416,834,-1.640165112159,0.101347923601108
"","log_BAI_dbh","SCBI","CAOVL","tmp",5.01326454514155,0.630272299283558,834,7.95412482960179,5.86370034361725e-15
"","log_BAI_dbh","SCBI","CAOVL","I(tmp^2)",-0.142383313932729,0.0178138721171122,834,-7.99283350619511,4.38254885523028e-15
"","log_BAI_dbh","SCBI","QUAL","(Intercept)",-31.2601173146924,3.31321353853365,2369,-9.43498417808815,9.00609447447223e-21
"","log_BAI_dbh","SCBI","QUAL","dbh",0.121503643466899,0.0134101222133778,2369,9.06059180770835,2.64464212294174e-19
"","log_BAI_dbh","SCBI","QUAL","I(dbh^2)",-0.000975525613855739,0.000169911560157245,2369,-5.74137282332608,1.05932027517629e-08
"","log_BAI_dbh","SCBI","QUAL","pre",0.00160194980337448,0.000500744496548264,2369,3.19913611515864,0.00139660451455658
"","log_BAI_dbh","SCBI","QUAL","I(pre^2)",-6.1370908377501e-06,2.20619956582192e-06,2369,-2.78174782228448,0.00544951386345247
"","log_BAI_dbh","SCBI","QUAL","tmp",3.50816511626074,0.376075114447534,2369,9.32836282298111,2.38806385100113e-20
"","log_BAI_dbh","SCBI","QUAL","I(tmp^2)",-0.100214363959551,0.0106378450020646,2369,-9.420551243236,1.0283021613211e-20
"","log_BAI_dbh","SCBI","FRNI","(Intercept)",-49.4669035514664,9.79151092401564,230,-5.05201944167155,8.9050045747874e-07
"","log_BAI_dbh","SCBI","FRNI","dbh",0.102752692074675,0.0138740764279406,230,7.40609240610378,2.44679082457111e-12
"","log_BAI_dbh","SCBI","FRNI","tmp",5.59271865103037,1.10171203855897,230,5.07638879788008,7.93726704235359e-07
"","log_BAI_dbh","SCBI","FRNI","I(tmp^2)",-0.159127842726896,0.0309556838993428,230,-5.14050483408232,5.85298369824233e-07
"","log_BAI_dbh","SCBI","PIST","(Intercept)",-0.585392677061582,0.324083131717739,1309,-1.80630406142654,0.0711004510886806
"","log_BAI_dbh","SCBI","PIST","dbh",0.0686961227100797,0.00886894952310675,1309,7.74568876856295,1.89415071287557e-14
"","log_BAI_dbh","SCBI","PIST","pre",0.000784138442392772,0.000201926181486261,1309,3.88329258059151,0.000108194739283031
"","log_BAI_dbh","SCBI","PIST","tmp",0.0512499093459759,0.0132444396496662,1309,3.86954153604132,0.000114408594306074
